Daily commit at Wed Jun 18 16:00:22 UTC 2025
Daily commit at Thu Jun 19 04:50:02 UTC 2025
Daily commit at Fri Jun 20 04:50:14 UTC 2025
Daily commit at Sat Jun 21 04:47:29 UTC 2025
Daily commit at Sun Jun 22 04:51:37 UTC 2025
Daily commit at Mon Jun 23 04:54:56 UTC 2025
Daily commit at Tue Jun 24 04:51:41 UTC 2025
Daily commit at Wed Jun 25 04:52:03 UTC 2025
Daily commit at Thu Jun 26 04:51:37 UTC 2025
Daily commit at Fri Jun 27 04:51:45 UTC 2025
Daily commit at Sat Jun 28 04:49:33 UTC 2025
Daily commit at Sun Jun 29 04:58:22 UTC 2025
Daily commit at Mon Jun 30 04:54:47 UTC 2025
Daily commit at Tue Jul  1 04:57:10 UTC 2025
Daily commit at Wed Jul  2 04:52:12 UTC 2025
Daily commit at Thu Jul  3 04:55:20 UTC 2025
Daily commit at Fri Jul  4 04:53:51 UTC 2025
Daily commit at Sat Jul  5 04:49:23 UTC 2025
Daily commit at Sun Jul  6 04:53:19 UTC 2025
Daily commit at Mon Jul  7 04:55:40 UTC 2025
Daily commit at Tue Jul  8 04:52:10 UTC 2025
Daily commit at Wed Jul  9 04:56:45 UTC 2025
Daily commit at Thu Jul 10 04:55:30 UTC 2025
Daily commit at Fri Jul 11 04:57:15 UTC 2025
Daily commit at Sat Jul 12 04:52:21 UTC 2025
Daily commit at Sun Jul 13 04:55:55 UTC 2025
Daily commit at Mon Jul 14 04:59:02 UTC 2025
Daily commit at Tue Jul 15 04:58:09 UTC 2025
Daily commit at Wed Jul 16 04:59:18 UTC 2025
Daily commit at Thu Jul 17 04:59:01 UTC 2025
Daily commit at Fri Jul 18 05:00:23 UTC 2025
Daily commit at Sat Jul 19 04:53:25 UTC 2025
Daily commit at Sun Jul 20 05:00:09 UTC 2025
Daily commit at Mon Jul 21 05:01:41 UTC 2025
Daily commit at Tue Jul 22 04:59:01 UTC 2025
Daily commit at Wed Jul 23 04:59:59 UTC 2025
Daily commit at Thu Jul 24 04:59:08 UTC 2025
Daily commit at Fri Jul 25 05:01:00 UTC 2025
Daily commit at Sat Jul 26 04:57:57 UTC 2025
Daily commit at Sun Jul 27 05:00:54 UTC 2025
Daily commit at Mon Jul 28 05:03:13 UTC 2025
Daily commit at Tue Jul 29 05:03:46 UTC 2025
Daily commit at Wed Jul 30 05:02:26 UTC 2025
Daily commit at Thu Jul 31 05:00:31 UTC 2025
Daily commit at Fri Aug  1 05:06:41 UTC 2025
Daily commit at Sat Aug  2 04:57:47 UTC 2025
Daily commit at Sun Aug  3 05:03:20 UTC 2025
Daily commit at Mon Aug  4 05:11:00 UTC 2025
Daily commit at Tue Aug  5 05:03:47 UTC 2025
Daily commit at Wed Aug  6 05:03:15 UTC 2025
Daily commit at Thu Aug  7 05:03:11 UTC 2025
Daily commit at Fri Aug  8 05:02:59 UTC 2025
Daily commit at Sat Aug  9 04:50:53 UTC 2025
Daily commit at Sun Aug 10 04:57:54 UTC 2025
Daily commit at Mon Aug 11 05:01:34 UTC 2025
Daily commit at Tue Aug 12 04:49:36 UTC 2025
Daily commit at Wed Aug 13 04:52:30 UTC 2025
Daily commit at Thu Aug 14 04:52:18 UTC 2025
Daily commit at Fri Aug 15 04:52:05 UTC 2025
Daily commit at Sat Aug 16 04:47:19 UTC 2025
Daily commit at Sun Aug 17 04:53:07 UTC 2025
Daily commit at Mon Aug 18 04:57:23 UTC 2025
Daily commit at Tue Aug 19 04:45:06 UTC 2025
Daily commit at Wed Aug 20 04:45:35 UTC 2025
Daily commit at Thu Aug 21 04:45:22 UTC 2025
Daily commit at Fri Aug 22 04:45:02 UTC 2025
Daily commit at Sat Aug 23 04:44:05 UTC 2025
Daily commit at Sun Aug 24 04:46:34 UTC 2025
Daily commit at Mon Aug 25 04:48:35 UTC 2025
Daily commit at Tue Aug 26 04:45:40 UTC 2025
Daily commit at Wed Aug 27 04:43:43 UTC 2025
Daily commit at Thu Aug 28 04:44:02 UTC 2025
Daily commit at Fri Aug 29 04:43:57 UTC 2025
Daily commit at Sat Aug 30 04:41:54 UTC 2025
Daily commit at Sun Aug 31 04:42:25 UTC 2025
Daily commit at Mon Sep  1 04:48:24 UTC 2025
Daily commit at Tue Sep  2 04:44:45 UTC 2025
Daily commit at Wed Sep  3 04:43:03 UTC 2025
Daily commit at Thu Sep  4 04:42:46 UTC 2025
Daily commit at Fri Sep  5 04:42:44 UTC 2025
Daily commit at Sat Sep  6 04:41:15 UTC 2025
Daily commit at Sun Sep  7 04:41:42 UTC 2025
Daily commit at Mon Sep  8 04:43:49 UTC 2025
Daily commit at Tue Sep  9 04:43:17 UTC 2025
Daily commit at Wed Sep 10 04:41:11 UTC 2025
Daily commit at Thu Sep 11 04:42:54 UTC 2025
Daily commit at Fri Sep 12 04:41:25 UTC 2025
Daily commit at Sat Sep 13 04:41:08 UTC 2025
Daily commit at Sun Sep 14 04:41:22 UTC 2025
Daily commit at Mon Sep 15 04:43:46 UTC 2025
Daily commit at Tue Sep 16 04:42:31 UTC 2025
Daily commit at Wed Sep 17 04:42:53 UTC 2025
Daily commit at Thu Sep 18 04:42:58 UTC 2025
Daily commit at Fri Sep 19 04:42:43 UTC 2025
Daily commit at Sat Sep 20 04:41:45 UTC 2025
Daily commit at Sun Sep 21 04:42:21 UTC 2025
Daily commit at Mon Sep 22 04:43:20 UTC 2025
Daily commit at Tue Sep 23 04:42:44 UTC 2025
Daily commit at Wed Sep 24 04:43:02 UTC 2025
Daily commit at Thu Sep 25 04:43:23 UTC 2025
Daily commit at Fri Sep 26 04:42:42 UTC 2025
Daily commit at Sat Sep 27 04:42:15 UTC 2025
Daily commit at Sun Sep 28 04:42:20 UTC 2025
Daily commit at Mon Sep 29 04:44:25 UTC 2025
Daily commit at Tue Sep 30 04:43:43 UTC 2025
Daily commit at Wed Oct  1 04:43:44 UTC 2025
Daily commit at Thu Oct  2 04:42:16 UTC 2025
Daily commit at Fri Oct  3 04:41:42 UTC 2025
Daily commit at Sat Oct  4 04:41:21 UTC 2025
Daily commit at Sun Oct  5 04:40:49 UTC 2025
Daily commit at Mon Oct  6 04:42:16 UTC 2025
Daily commit at Tue Oct  7 04:42:43 UTC 2025
Daily commit at Wed Oct  8 04:43:10 UTC 2025
Daily commit at Thu Oct  9 04:43:31 UTC 2025
Daily commit at Fri Oct 10 04:43:02 UTC 2025
Daily commit at Sat Oct 11 04:41:01 UTC 2025
Daily commit at Sun Oct 12 04:41:57 UTC 2025
Daily commit at Mon Oct 13 04:44:38 UTC 2025
Daily commit at Tue Oct 14 04:43:08 UTC 2025
Daily commit at Wed Oct 15 04:43:35 UTC 2025
Daily commit at Thu Oct 16 04:43:12 UTC 2025
Daily commit at Fri Oct 17 04:43:36 UTC 2025
Daily commit at Sat Oct 18 04:41:41 UTC 2025
Daily commit at Sun Oct 19 04:43:50 UTC 2025
Daily commit at Mon Oct 20 04:45:07 UTC 2025
Daily commit at Tue Oct 21 04:44:15 UTC 2025
Daily commit at Wed Oct 22 04:44:55 UTC 2025
Daily commit at Thu Oct 23 04:43:44 UTC 2025
Daily commit at Fri Oct 24 04:43:10 UTC 2025
Daily commit at Sat Oct 25 04:42:36 UTC 2025
Daily commit at Sun Oct 26 04:42:58 UTC 2025
Daily commit at Mon Oct 27 04:49:53 UTC 2025
Daily commit at Tue Oct 28 04:44:45 UTC 2025
Daily commit at Wed Oct 29 04:47:48 UTC 2025
Daily commit at Thu Oct 30 04:43:53 UTC 2025
Daily commit at Fri Oct 31 04:45:44 UTC 2025
Daily commit at Sat Nov  1 04:42:08 UTC 2025
Daily commit at Sun Nov  2 04:43:58 UTC 2025
Daily commit at Mon Nov  3 04:48:49 UTC 2025
Daily commit at Tue Nov  4 04:44:33 UTC 2025
Daily commit at Wed Nov  5 04:45:04 UTC 2025
Daily commit at Thu Nov  6 04:48:13 UTC 2025
Daily commit at Fri Nov  7 04:44:13 UTC 2025
Daily commit at Sat Nov  8 04:42:58 UTC 2025
Daily commit at Sun Nov  9 04:43:28 UTC 2025
Daily commit at Mon Nov 10 04:47:40 UTC 2025
Daily commit at Tue Nov 11 04:45:58 UTC 2025
Daily commit at Wed Nov 12 04:46:10 UTC 2025
Daily commit at Thu Nov 13 04:47:02 UTC 2025
Daily commit at Fri Nov 14 04:44:58 UTC 2025
Daily commit at Sat Nov 15 04:43:35 UTC 2025
Daily commit at Sun Nov 16 04:46:14 UTC 2025
Daily commit at Mon Nov 17 04:47:32 UTC 2025
Daily commit at Tue Nov 18 04:45:36 UTC 2025
Daily commit at Wed Nov 19 04:45:39 UTC 2025
Daily commit at Thu Nov 20 04:44:37 UTC 2025
Daily commit at Fri Nov 21 04:45:23 UTC 2025
Daily commit at Sat Nov 22 04:43:14 UTC 2025
Daily commit at Sun Nov 23 04:52:03 UTC 2025
Daily commit at Mon Nov 24 04:53:44 UTC 2025
Daily commit at Tue Nov 25 04:47:19 UTC 2025
Daily commit at Wed Nov 26 04:47:14 UTC 2025
Daily commit at Thu Nov 27 04:46:48 UTC 2025
Daily commit at Fri Nov 28 04:46:14 UTC 2025
Daily commit at Sat Nov 29 04:45:36 UTC 2025
Daily commit at Sun Nov 30 04:53:15 UTC 2025
Daily commit at Mon Dec  1 05:02:43 UTC 2025
Daily commit at Tue Dec  2 04:51:22 UTC 2025
Daily commit at Wed Dec  3 04:49:21 UTC 2025
Daily commit at Thu Dec  4 04:51:24 UTC 2025
Daily commit at Fri Dec  5 04:49:53 UTC 2025
Daily commit at Sat Dec  6 04:44:03 UTC 2025
Daily commit at Sun Dec  7 04:50:53 UTC 2025
Daily commit at Mon Dec  8 04:54:16 UTC 2025
Daily commit at Tue Dec  9 04:49:03 UTC 2025
Daily commit at Wed Dec 10 04:54:14 UTC 2025
Daily commit at Thu Dec 11 04:55:36 UTC 2025
Daily commit at Fri Dec 12 04:53:48 UTC 2025
Daily commit at Sat Dec 13 04:47:27 UTC 2025
Daily commit at Sun Dec 14 04:54:45 UTC 2025
Daily commit at Mon Dec 15 04:58:05 UTC 2025
Daily commit at Tue Dec 16 04:56:06 UTC 2025
Daily commit at Wed Dec 17 04:53:34 UTC 2025
Daily commit at Thu Dec 18 04:54:47 UTC 2025
Daily commit at Fri Dec 19 04:54:47 UTC 2025
Daily commit at Sat Dec 20 04:47:21 UTC 2025
Daily commit at Sun Dec 21 04:55:03 UTC 2025
Daily commit at Mon Dec 22 04:57:14 UTC 2025
Daily commit at Tue Dec 23 04:57:00 UTC 2025
Daily commit at Wed Dec 24 04:56:33 UTC 2025
Daily commit at Thu Dec 25 04:56:50 UTC 2025
Daily commit at Fri Dec 26 04:55:23 UTC 2025
Daily commit at Sat Dec 27 04:52:59 UTC 2025
Daily commit at Sun Dec 28 04:59:54 UTC 2025
Daily commit at Mon Dec 29 05:02:53 UTC 2025
Daily commit at Tue Dec 30 04:58:29 UTC 2025
Daily commit at Wed Dec 31 04:57:37 UTC 2025
Daily commit at Thu Jan  1 05:01:47 UTC 2026
Daily commit at Fri Jan  2 04:58:41 UTC 2026
Daily commit at Sat Jan  3 04:52:42 UTC 2026
Daily commit at Sun Jan  4 05:02:19 UTC 2026
Daily commit at Mon Jan  5 05:10:00 UTC 2026
Daily commit at Tue Jan  6 04:57:55 UTC 2026
Daily commit at Wed Jan  7 04:58:49 UTC 2026
Daily commit at Thu Jan  8 04:57:49 UTC 2026
Daily commit at Fri Jan  9 04:58:25 UTC 2026
Daily commit at Sat Jan 10 04:54:53 UTC 2026
Daily commit at Sun Jan 11 05:01:10 UTC 2026
Daily commit at Mon Jan 12 05:04:19 UTC 2026
Daily commit at Tue Jan 13 04:58:47 UTC 2026
Daily commit at Wed Jan 14 04:59:03 UTC 2026
Daily commit at Thu Jan 15 04:59:08 UTC 2026
Daily commit at Fri Jan 16 04:58:16 UTC 2026
